Input Statement,Produced Output,Meets Criterion
You are concerned with the costs of smoking.,"ChatCompletionMessage(content='How do you feel about the financial implications of your smoking habit?', role='assistant', function_call=None, tool_calls=None)",1
"You believe that by making changes to your smoking habit, you can improve your health.","ChatCompletionMessage(content='Have you ever considered how making changes to your smoking habit might contribute to improving your health?', role='assistant', function_call=None, tool_calls=None)",1
You realize that quitting smoking is important for your health and would like to make this happen without relying on cigarettes.,"ChatCompletionMessage(content='How do you envision your journey towards better health without the reliance on cigarettes?', role='assistant', function_call=None, tool_calls=None)",1
You enjoy smoking because it helps you cope with stressful situations. ,"ChatCompletionMessage(content='Have you ever reflected on the role that smoking plays in helping you manage stress?', role='assistant', function_call=None, tool_calls=None)",1
"You got mad at the way you were being treated, and so decided not to interact further.","ChatCompletionMessage(content='How do you feel about the way you chose to respond when you perceived that you were being treated unfairly?', role='assistant', function_call=None, tool_calls=None)",1
It would be a good idea for you to go through detoxification.,"ChatCompletionMessage(content='Have you ever considered the potential benefits of undergoing a detoxification process for your health and well-being?', role='assistant', function_call=None, tool_calls=None)",1
You realize that cigarettes can potentially cause financial stress and you wish you could spend less on tobacco.,"ChatCompletionMessage(content='Have you ever considered how your finances might change if you were to reduce your spending on tobacco?', role='assistant', function_call=None, tool_calls=None)",1
You dislike the health risks of smoking.,"ChatCompletionMessage(content='How do you feel about the health risks associated with your smoking habit?', role='assistant', function_call=None, tool_calls=None)",1
Quitting smoking will require you to find a way to distract yourself from the craving for cigarettes.,"ChatCompletionMessage(content='What strategies might you consider to divert your attention when the craving for a cigarette arises?', role='assistant', function_call=None, tool_calls=None)",1
It reminds you of your heart attack.,"ChatCompletionMessage(content='How does this experience relate to your feelings or memories of your heart attack?', role='assistant', function_call=None, tool_calls=None)",1
Setting long-term plans for your smoking habit would help you quit.,"ChatCompletionMessage(content='Have you considered creating some long-term plans that might support you in your journey to quit smoking?', role='assistant', function_call=None, tool_calls=None)",1
"You realize that if you stop smoking, you can reduce the strain on your body. ","ChatCompletionMessage(content='Have you ever considered what changes you might experience in your overall wellbeing if you were to explore the possibility of reducing or quitting your smoking habit?', role='assistant', function_call=None, tool_calls=None)",1
Social interaction makes you afraid.,"ChatCompletionMessage(content='How do you feel about engaging in social interactions?', role='assistant', function_call=None, tool_calls=None)",1
You value productivity and would like to increase it by smoking less.,"ChatCompletionMessage(content=""How do you think reducing your smoking habit might impact your productivity, given it's something you value?"", role='assistant', function_call=None, tool_calls=None)",1
It is time to create a plan to stop drinking.,"ChatCompletionMessage(content='Have you thought about what it might look like if you considered making a plan to shift away from drinking?', role='assistant', function_call=None, tool_calls=None)",1
You want to establish a daily routine so you can smoke at your ease.,"ChatCompletionMessage(content='Have you given some thought on how integrating a daily routine might affect your comfort levels with your smoking habits?', role='assistant', function_call=None, tool_calls=None)",0
"If you set long-term plans for your smoking habit, you will be more likely to succeed.","ChatCompletionMessage(content='How do you think setting long-term plans could influence your journey with your smoking habit?', role='assistant', function_call=None, tool_calls=None)",1
You're don't want to break up with your partner because you're you won't find someone else.,"ChatCompletionMessage(content='Have you considered what may be holding you back from ending your current relationship? Could it be a fear of not finding another partner?', role='assistant', function_call=None, tool_calls=None)",1
You're finding that you drink a lot when you're alone.,"ChatCompletionMessage(content=""Have you ever given some thought to how you feel about your drinking habits when you're alone?"", role='assistant', function_call=None, tool_calls=None)",1
You don't like thinking about smoking because you're afraid to die.,"ChatCompletionMessage(content='How does your perception of smoking relate to your feelings about your health and longevity?', role='assistant', function_call=None, tool_calls=None)",1
You dislike that others know that you smoke.,"ChatCompletionMessage(content='How do you feel about others being aware of your smoking habit?', role='assistant', function_call=None, tool_calls=None)",1
You want to stop smoking cigars altogether.,"ChatCompletionMessage(content='Have you given some thought to what your life might look like if you chose to give up smoking cigars?', role='assistant', function_call=None, tool_calls=None)",1
You seem low-energy.,"ChatCompletionMessage(content='Have you noticed any changes in your energy levels recently?', role='assistant', function_call=None, tool_calls=None)",1
